1,1,10000000
2,1,4770000
3,1,5370130
4,1,10000000
5,1,87750
6,1,167860
7,1,604200
8,1,2884375
9,1,12350
10,1,1227950
11,1,4218500
12,1,520660
13,1,40420
14,1,10000000
15,1,79925
16,1,43220
17,1,43710
18,1,168750
19,1,2502360
20,1,10000000
21,1,3840
22,1,84900
23,1,610000
24,1,160200
25,1,89000
26,1,1392125
27,1,5428115
28,1,92400
29,1,559210
30,1,226450
31,1,6240
32,1,26860
33,1,1983750
34,1,109660
35,1,37510
36,1,186000
37,1,948000
38,1,227900
39,1,54020
40,1,94335
41,1,1212525
42,1,23400
43,1,117600
44,1,8395400
45,1,137690
46,1,1702500
47,1,1851000
48,1,46200
49,1,442000
50,1,747400
51,1,139005
52,1,136800
53,1,9461375
54,1,66000
55,1,2431000
56,1,18900
57,1,317250
58,1,45030
59,1,60000
60,1,23600
61,1,237150
62,1,39500
63,1,1288020
64,1,405720
65,1,385000
66,1,588450
67,1,215050
68,1,144600
69,1,116550
70,1,884375
71,1,200100
72,1,224560
73,1,303850
74,1,93740
75,1,13440
76,1,8450
77,1,649200
78,1,1255500
79,1,4710
80,1,923025
81,1,68800
82,1,317550
83,1,446400
84,1,913750
85,1,535150
86,1,86900
87,1,23410
88,1,57810
89,1,112820
90,1,996800
91,1,1397500
92,1,1258335
93,1,33000
94,1,34330
95,1,156800
96,1,35590
97,1,442050
98,1,189750
99,1,286650
100,1,176800
101,1,68550
102,1,1245580
103,1,91950
104,1,228750
105,1,89620
106,1,168000
107,1,290300
108,1,32200
109,1,191500
110,1,345150
111,1,940625
112,1,725000
113,1,11250
114,1,51300
115,1,864950
116,1,1331100
117,1,107250
118,1,890250
119,1,143100
120,1,299975
121,1,111925
122,1,375000
123,1,264600
124,1,106700
125,1,25560
126,1,4200
127,1,714400
128,1,367210
129,1,70650
130,1,67250
131,1,364195
132,1,160430
133,1,554975
134,1,317500
135,1,227160
136,1,437020
137,1,21125
138,1,178875
139,1,214500
140,1,188640
141,1,31950
142,1,51000
143,1,150150
144,1,67240
145,1,90000
146,1,18280
147,1,34500
148,1,50210
149,1,208500
150,1,217350
151,1,67390
152,1,267375
153,1,47250
154,1,537625
155,1,423000
156,1,974060
157,1,440270
158,1,91850
159,1,19050
160,1,201000
161,1,348500
162,1,103100
163,1,40150
164,1,75420
165,1,100000
166,1,27020
167,1,171790
168,1,286000
169,1,71500
170,1,18400
171,1,19080
172,1,572250
173,1,32450
174,1,207595
175,1,47700
176,1,487500
177,1,43040
178,1,211250
179,1,363825
180,1,178600
181,1,287700
182,1,281325
183,1,18000
184,1,146250
185,1,85050
186,1,151000
187,1,86400
188,1,56800
189,1,99750
190,1,6500
191,1,373800
192,1,496010
193,1,492000
194,1,36800
195,1,160990
196,1,103125
197,1,596250
198,1,451440
199,1,366250
200,1,242250
201,1,294800
202,1,38860
203,1,74710
204,1,502150
205,1,47760
206,1,673200
207,1,76970
208,1,292600
209,1,5340
210,1,29600
211,1,14000
212,1,511200
213,1,297240
214,1,28680
215,1,200130
216,1,386500
217,1,65900
218,1,263100
219,1,328900
220,1,64225
221,1,658000
222,1,44210
223,1,60760
224,1,487350
225,1,83400
226,1,63900
227,1,170360
228,1,299300
229,1,384655
230,1,315100
231,1,129625
232,1,570775
233,1,6040
234,1,474600
235,1,14750
236,1,73200
237,1,120950
238,1,75200
239,1,410000
240,1,219200
241,1,42500
242,1,55140
243,1,388000
244,1,155250
245,1,30020
246,1,197700
247,1,463700
248,1,167700
249,1,133500
250,1,40190
251,1,97755
252,1,327250
253,1,154875
254,1,266600
255,1,425000
256,1,256900
257,1,499050
258,1,612260
259,1,43450
260,1,127500
261,1,112000
262,1,421000
263,1,303775
264,1,475200
265,1,32360
266,1,63120
267,1,529245
268,1,46550
269,1,843840
270,1,299600
271,1,80200
272,1,457080
273,1,694750
274,1,38150
275,1,206975
276,1,115400
277,1,143825
278,1,270000
279,1,96250
280,1,137750
281,1,328000
282,1,574000
283,1,813400
284,1,96250
285,1,17120
286,1,666360
287,1,390550
288,1,983900
289,1,124205
290,1,381820
291,1,341900
292,1,225900
293,1,177010
294,1,741180
295,1,267750
296,1,66800
297,1,556570
298,1,2400
299,1,279410
300,1,52290
301,1,6600
302,1,16150
303,1,830250
304,1,128250
305,1,221195
306,1,77900
307,1,16630
308,1,13300
309,1,116460
310,1,373010
311,1,68400
312,1,230010
313,1,81630
314,1,193050
315,1,38550
316,1,34370
317,1,23700
318,1,140260
319,1,10960
320,1,556470
321,1,986750
322,1,27900
323,1,41250
324,1,25300
325,1,6410
326,1,10
327,1,5500
328,1,101400
329,1,72325
330,1,83700
331,1,626750
332,1,68250
333,1,839520
334,1,134400
335,1,7700
336,1,16410
337,1,28810
338,1,25880
339,1,227400
340,1,665200
341,1,56570
342,1,269520
343,1,13580
344,1,102750
345,1,32310
346,1,748160
347,1,266500
348,1,177260
349,1,537500
350,1,7080
351,1,31420
352,1,155450
353,1,538000
354,1,209600
355,1,217550
356,1,265645
357,1,259210
358,1,153910
359,1,942550
360,1,285000
361,1,184000
362,1,704250
363,1,252860
364,1,204300
365,1,123440
366,1,170250
367,1,26350
368,1,165750
369,1,67140
370,1,110600
371,1,69000
372,1,86100
373,1,238040
374,1,62310
375,1,117325
376,1,99900
377,1,84040
378,1,330010
379,1,41200
380,1,36040
381,1,90720
382,1,68060
383,1,45460
384,1,103880
385,1,65450
386,1,53550
387,1,3000
388,1,150010
389,1,136825
390,1,36000
391,1,432900
392,1,179375
393,1,65400
394,1,162825
395,1,162000
396,1,374520
397,1,32300
398,1,13740
399,1,41160
400,1,103620
401,1,21500
402,1,18700
403,1,51900
404,1,110400
405,1,186760
406,1,34650
407,1,67350
408,1,112600
409,1,11250
410,1,185400
411,1,199200
412,1,14560
413,1,161350
414,1,35200
415,1,121000
416,1,12360
417,1,59925
418,1,158400
419,1,67800
420,1,174250
421,1,190500
422,1,47700
423,1,125145
424,1,150150
425,1,8300
426,1,89310
427,1,172580
428,1,55960
429,1,66000
430,1,135710
431,1,187500
432,1,24800
433,1,23920
434,1,11550
435,1,128520
436,1,28800
437,1,72030
438,1,79200
439,1,129290
440,1,152900
441,1,78850
442,1,65450
443,1,78160
444,1,85330
445,1,24120
446,1,22170
447,1,51425
448,1,61950
449,1,168300
450,1,131850
451,1,111120
452,1,12750
453,1,10620
454,1,40800
455,1,31450
456,1,156000
457,1,17570
458,1,190600
459,1,39610
460,1,194400
461,1,34520
462,1,131800
463,1,121740
464,1,10100
465,1,123825
466,1,61900
467,1,33820
468,1,146300
469,1,36960
470,1,143920
471,1,25700
472,1,94400
473,1,33700
474,1,182250
475,1,32100
476,1,134475
477,1,31200
478,1,103125
479,1,182750
480,1,190440
481,1,22400
482,1,90520
483,1,45600
484,1,98200
485,1,40440
486,1,34650
487,1,73200
488,1,57840
489,1,102000
490,1,149995
491,1,62410
492,1,66060
493,1,108900
494,1,21960
495,1,30070
496,1,42800
497,1,38100
498,1,192600
499,1,96500
500,1,8760
501,1,1004750
502,1,214305
503,1,1099750
504,1,2573560
505,1,2417850
506,1,607390
507,1,64000
508,1,709280
509,1,152750
510,1,1181700
511,1,1231190
512,1,20100
513,1,391650
514,1,7500000
515,1,7900
516,1,30810
517,1,2749400
518,1,7950000
519,1,99785
520,1,809900
521,1,10000000
522,1,3488875
523,1,6564000
524,1,56910
525,1,10000000
526,1,6135750
527,1,447525
528,1,3610
529,1,185500
530,1,501755
531,1,202400
532,1,133375
533,1,156160
534,1,7175
535,1,204375
536,1,143100
537,1,256960
538,1,2900020
539,1,79850
540,1,70200
541,1,138750
542,1,656100
543,1,42160
544,1,1587300
545,1,1210500
546,1,10000000
547,1,1774500
548,1,19600
549,1,150575
550,1,196000
551,1,10000000
552,1,247225
553,1,1527900
554,1,655200
555,1,402975
556,1,95960
557,1,107635
558,1,335070
559,1,43860
560,1,185250
561,1,95200
562,1,1122475
563,1,419650
564,1,463750
565,1,126900
566,1,62310
567,1,96500
568,1,102510
569,1,84290
570,1,98250
571,1,1223400
572,1,302850
573,1,231500
574,1,289800
575,1,1377500
576,1,548775
577,1,46340
578,1,162400
579,1,380250
580,1,342500
581,1,619510
582,1,106600
583,1,907500
584,1,94300
585,1,166045
586,1,12000
587,1,20610
588,1,183960
589,1,168800
590,1,54600
591,1,43500
592,1,53600
593,1,202680
594,1,127950
595,1,99200
596,1,56560
597,1,155910
598,1,46850
599,1,484500
600,1,1366475
601,1,298800
602,1,521100
603,1,882500
604,1,704760
605,1,798885
606,1,304375
607,1,43050
608,1,636975
609,1,118920
610,1,559750
611,1,416475
612,1,651450
613,1,557910
614,1,57180
615,1,63750
616,1,54410
617,1,571050
618,1,541950
619,1,279000
620,1,105100
621,1,196840
622,1,172235
623,1,216700
624,1,21300
625,1,426700
626,1,901250
627,1,230625
628,1,60960
629,1,101450
630,1,331835
631,1,197140
632,1,43230
633,1,95000
634,1,58500
635,1,298250
636,1,129360
637,1,240000
638,1,479240
639,1,273350
640,1,54400
641,1,37550
642,1,426310
643,1,10400
644,1,397550
645,1,906750
646,1,310850
647,1,534875
648,1,200460
649,1,68320
650,1,127050
651,1,167145
652,1,462500
653,1,36660
654,1,311750
655,1,536700
656,1,168720
657,1,109200
658,1,58440
659,1,201010
660,1,430505
661,1,246885
662,1,437400
663,1,240640
664,1,921600
665,1,196350
666,1,74520
667,1,33550
668,1,115350
669,1,21440
670,1,318770
671,1,64150
672,1,318000
673,1,193660
674,1,450060
675,1,515700
676,1,86350
677,1,566800
678,1,532800
679,1,832590
680,1,273800
681,1,82260
682,1,49560
683,1,781275
684,1,682510
685,1,301070
686,1,332100
687,1,311250
688,1,757500
689,1,56750
690,1,597120
691,1,421860
692,1,232275
693,1,339500
694,1,388520
695,1,336005
696,1,288850
697,1,612635
698,1,168570
699,1,4000
700,1,473265
701,1,148750
702,1,578200
703,1,264500
704,1,72380
705,1,7650
706,1,49150
707,1,113000
708,1,235000
709,1,287010
710,1,328350
711,1,198000
712,1,26120
713,1,5800
714,1,318565
715,1,101700
716,1,175500
717,1,145250
718,1,192395
719,1,72020
720,1,226400
721,1,127160
722,1,239050
723,1,7200
724,1,107100
725,1,300750
726,1,8290
727,1,335575
728,1,108500
729,1,109450
730,1,53210
731,1,341750
732,1,773280
733,1,154700
734,1,801000
735,1,233210
736,1,260820
737,1,695280
738,1,134375
739,1,68760
740,1,30360
741,1,24130
742,1,235250
743,1,147940
744,1,372900
745,1,80750
746,1,62370
747,1,17600
748,1,615000
749,1,111000
750,1,54000
751,1,399200
752,1,70730
753,1,62620
754,1,473375
755,1,171300
756,1,929720
757,1,53670
758,1,21330
759,1,71385
760,1,35040
761,1,124800
762,1,806400
763,1,510850
764,1,319275
765,1,46210
766,1,457000
767,1,531300
768,1,60775
769,1,39900
770,1,20720
771,1,50400
772,1,364150
773,1,85200
774,1,119000
775,1,377400
776,1,415550
777,1,106720
778,1,418000
779,1,322470
780,1,402385
781,1,209385
782,1,516810
783,1,857150
784,1,28000
785,1,56260
786,1,315150
787,1,308875
788,1,61840
789,1,126300
790,1,89340
791,1,18670
792,1,233255
793,1,40600
794,1,326350
795,1,628400
796,1,981000
797,1,242500
798,1,103550
799,1,5100
800,1,87750
801,1,483125
802,1,79000
803,1,65200
804,1,85500
805,1,244400
806,1,17950
807,1,61930
808,1,202200
809,1,68550
810,1,316200
811,1,737495
812,1,27910
813,1,428565
814,1,993620
815,1,17450
816,1,445160
817,1,452400
818,1,472030
819,1,256500
820,1,378750
821,1,7860
822,1,28850
823,1,141000
824,1,298400
825,1,117725
826,1,103000
827,1,143560
828,1,262250
829,1,632400
830,1,430610
831,1,276520
832,1,139170
833,1,146400
834,1,126225
835,1,31610
836,1,90410
837,1,191800
838,1,88960
839,1,77000
840,1,73600
841,1,138250
842,1,8880
843,1,64350
844,1,20730
845,1,165500
846,1,155000
847,1,15000
848,1,167850
849,1,19670
850,1,13120
851,1,185720
852,1,74250
853,1,118500
854,1,54310
855,1,15340
856,1,43500
857,1,182860
858,1,160050
859,1,100000
860,1,118820
861,1,5500
862,1,118820
863,1,148560
864,1,114075
865,1,4040
866,1,51040
867,1,132000
868,1,125675
869,1,194700
870,1,4200
871,1,8580
872,1,55200
873,1,105840
874,1,8000
875,1,10140
876,1,3500
877,1,13200
878,1,1500
879,1,45790
880,1,112200
881,1,11250
882,1,149825
883,1,38700
884,1,34800
885,1,33010
886,1,90375
887,1,186600
888,1,193900
889,1,164770
890,1,36290
891,1,101800
892,1,33220
893,1,164940
894,1,171550
895,1,197325
896,1,83020
897,1,156645
898,1,169625
899,1,63750
900,1,107250
901,1,188275
902,1,169050
903,1,114710
904,1,27300
905,1,67900
906,1,46980
907,1,31680
908,1,181200
909,1,112960
910,1,174300
911,1,158900
912,1,42300
913,1,119080
914,1,96375
915,1,150100
916,1,162000
917,1,58560
918,1,35325
919,1,94470
920,1,131450
921,1,38800
922,1,9250
923,1,28125
924,1,61385
925,1,127800
926,1,22480
927,1,52200
928,1,129780
929,1,56260
930,1,133600
931,1,72250
932,1,77350
933,1,107580
934,1,12750
935,1,5880
936,1,39200
937,1,54920
938,1,22500
939,1,36000
940,1,25930
941,1,54380
942,1,46620
943,1,140000
944,1,184450
945,1,26400
946,1,14400
947,1,96390
948,1,25480
949,1,30100
950,1,167400
951,1,50400
952,1,117900
953,1,16980
954,1,69100
955,1,42750
956,1,118740
957,1,4500
958,1,52650
959,1,14460
960,1,124425
961,1,196900
962,1,3150
963,1,168300
964,1,106210
965,1,27000
966,1,34770
967,1,105500
968,1,31850
969,1,123800
970,1,13500
971,1,154000
972,1,106240
973,1,69850
974,1,64300
975,1,20580
976,1,127050
977,1,126375
978,1,46640
979,1,95450
980,1,2400
981,1,16040
982,1,78150
983,1,29040
984,1,40750
985,1,15040
986,1,150150
987,1,190560
988,1,116775
989,1,184950
990,1,21000
991,1,103675
992,1,136200
993,1,39750
994,1,43725
995,1,163500
996,1,34810
997,1,193550
998,1,56075
999,1,84425
1000,1,64720
1001,1,157950
1002,1,15400
1003,1,3034800
1004,1,769500
1005,1,249040
1006,1,232500
1007,1,80750
1008,1,146950
1009,1,713700
1010,1,9371250
1011,1,48600
1012,1,2214400
1013,1,287750
1014,1,2008400
1015,1,52880
1016,1,3837500
1017,1,4840000
1018,1,10
1019,1,2352750
1020,1,104025
1021,1,351000
1022,1,3894000
1023,1,427000
1024,1,7394100
1025,1,61200
1026,1,1023770
1027,1,6689900
1028,1,297810
1029,1,7481250
1030,1,225000
1031,1,5850
1032,1,35180
1033,1,141760
1034,1,100800
1035,1,10000000
1036,1,169150
1037,1,130250
1038,1,1428750
1039,1,507000
1040,1,961800
1041,1,31050
1042,1,1399650
1043,1,542000
1044,1,1676500
1045,1,24500
1046,1,432990
1047,1,842375
1048,1,290000
1049,1,10000000
1050,1,10000000
1051,1,95225
1052,1,76400
1053,1,145250
1054,1,185850
1055,1,8750
1056,1,52115
1057,1,119350
1058,1,276500
1059,1,328000
1060,1,565290
1061,1,725000
1062,1,66600
1063,1,10000000
1064,1,948750
1065,1,215280
1066,1,85250
1067,1,253650
1068,1,1128940
1069,1,1118250
1070,1,40690
1071,1,36180
1072,1,1030000
1073,1,215600
1074,1,859680
1075,1,231780
1076,1,218400
1077,1,284200
1078,1,297500
1079,1,273750
1080,1,62490
1081,1,43590
1082,1,785750
1083,1,482850
1084,1,59600
1085,1,86960
1086,1,52470
1087,1,674075
1088,1,235500
1089,1,188565
1090,1,132700
1091,1,1203610
1092,1,409045
1093,1,26500
1094,1,321480
1095,1,1273940
1096,1,451125
1097,1,148750
1098,1,392710
1099,1,34560
1100,1,25300
1101,1,862605
1102,1,916400
1103,1,597400
1104,1,23100
1105,1,50200
1106,1,430320
1107,1,332500
1108,1,28000
1109,1,480750
1110,1,160650
1111,1,140050
1112,1,535500
1113,1,125500
1114,1,128850
1115,1,129630
1116,1,55550
1117,1,67700
1118,1,1352500
1119,1,183600
1120,1,850000
1121,1,609720
1122,1,644250
1123,1,757920
1124,1,63450
1125,1,207200
1126,1,384610
1127,1,263500
1128,1,489900
1129,1,5480
1130,1,450500
1131,1,149175
1132,1,762120
1133,1,621540
1134,1,222600
1135,1,140010
1136,1,39400
1137,1,381750
1138,1,27250
1139,1,66300
1140,1,151830
1141,1,213750
1142,1,121600
1143,1,344700
1144,1,214830
1145,1,66000
1146,1,151320
1147,1,135980
1148,1,170800
1149,1,37500
1150,1,51600
1151,1,16800
1152,1,713450
1153,1,145925
1154,1,384300
1155,1,102850
1156,1,648000
1157,1,457240
1158,1,148800
1159,1,914750
1160,1,415400
1161,1,700650
1162,1,19120
1163,1,812000
1164,1,250920
1165,1,226500
1166,1,349370
1167,1,770800
1168,1,850675
1169,1,100630
1170,1,553000
1171,1,183780
1172,1,14800
1173,1,878850
1174,1,35700
1175,1,421800
1176,1,51100
1177,1,75500
1178,1,24540
1179,1,171000
1180,1,159250
1181,1,291450
1182,1,219450
1183,1,216825
1184,1,60200
1185,1,46000
1186,1,202950
1187,1,126070
1188,1,173275
1189,1,65000
1190,1,397210
1191,1,323010
1192,1,260000
1193,1,419125
1194,1,395270
1195,1,338940
1196,1,50715
1197,1,467310
1198,1,637500
1199,1,141300
1200,1,7810
1201,1,55330
1202,1,39375
1203,1,72250
1204,1,213720
1205,1,76140
1206,1,144000
1207,1,24680
1208,1,131450
1209,1,359600
1210,1,537725
1211,1,86850
1212,1,50280
1213,1,76350
1214,1,45390
1215,1,952380
1216,1,75150
1217,1,45000
1218,1,97200
1219,1,166500
1220,1,237720
1221,1,393920
1222,1,388350
1223,1,36750
1224,1,30050
1225,1,335660
1226,1,256400
1227,1,199600
1228,1,112040
1229,1,445000
1230,1,56250
1231,1,441875
1232,1,303450
1233,1,70500
1234,1,488035
1235,1,180620
1236,1,3640
1237,1,79660
1238,1,247500
1239,1,74120
1240,1,468300
1241,1,245120
1242,1,52400
1243,1,55080
1244,1,450870
1245,1,26560
1246,1,24750
1247,1,40200
1248,1,123750
1249,1,605800
1250,1,28750
1251,1,12010
1252,1,234000
1253,1,83650
1254,1,485500
1255,1,63700
1256,1,250855
1257,1,5740
1258,1,162000
1259,1,151150
1260,1,195510
1261,1,37600
1262,1,581100
1263,1,77500
1264,1,152375
1265,1,48150
1266,1,66000
1267,1,306900
1268,1,165055
1269,1,63840
1270,1,998480
1271,1,880550
1272,1,53200
1273,1,164800
1274,1,732200
1275,1,68550
1276,1,107760
1277,1,118150
1278,1,344675
1279,1,92475
1280,1,565390
1281,1,66150
1282,1,319010
1283,1,477400
1284,1,18580
1285,1,39040
1286,1,339825
1287,1,288000
1288,1,228910
1289,1,229500
1290,1,810730
1291,1,289650
1292,1,429850
1293,1,196000
1294,1,173250
1295,1,150500
1296,1,614800
1297,1,798875
1298,1,60200
1299,1,476900
1300,1,997100
1301,1,107500
1302,1,378950
1303,1,12670
1304,1,154200
1305,1,214000
1306,1,37150
1307,1,9030
1308,1,209120
1309,1,280300
1310,1,48580
1311,1,312000
1312,1,107650
1313,1,44040
1314,1,58390
1315,1,866570
1316,1,76100
1317,1,831600
1318,1,184825
1319,1,637550
1320,1,490000
1321,1,252000
1322,1,41740
1323,1,1500
1324,1,350160
1325,1,152100
1326,1,606750
1327,1,112350
1328,1,848000
1329,1,58010
1330,1,50600
1331,1,49700
1332,1,71970
1333,1,405600
1334,1,169125
1335,1,191025
1336,1,360750
1337,1,24750
1338,1,238500
1339,1,250125
1340,1,391400
1341,1,9590
1342,1,136800
1343,1,121650
1344,1,42900
1345,1,2420
1346,1,139450
1347,1,28010
1348,1,24380
1349,1,58800
1350,1,246750
1351,1,115710
1352,1,52530
1353,1,99300
1354,1,18510
1355,1,32940
1356,1,155250
1357,1,175200
1358,1,27000
1359,1,146250
1360,1,128000
1361,1,198330
1362,1,122925
1363,1,186700
1364,1,59625
1365,1,82800
1366,1,34940
1367,1,71100
1368,1,57800
1369,1,59240
1370,1,39300
1371,1,93480
1372,1,13010
1373,1,37400
1374,1,110625
1375,1,27850
1376,1,41400
1377,1,11700
1378,1,70500
1379,1,96150
1380,1,117620
1381,1,21810
1382,1,14930
1383,1,138610
1384,1,143570
1385,1,137180
1386,1,128100
1387,1,32700
1388,1,57800
1389,1,189700
1390,1,41400
1391,1,171030
1392,1,65885
1393,1,31850
1394,1,177120
1395,1,79400
1396,1,112000
1397,1,99090
1398,1,16800
1399,1,19080
1400,1,68550
1401,1,26750
1402,1,100530
1403,1,186000
1404,1,129150
1405,1,37120
1406,1,98300
1407,1,71700
1408,1,58800
1409,1,23625
1410,1,184150
1411,1,176450
1412,1,86900
1413,1,3500
1414,1,51600
1415,1,27780
1416,1,144900
1417,1,32270
1418,1,4460
1419,1,173500
1420,1,24810
1421,1,51160
1422,1,153820
1423,1,12500
1424,1,42310
1425,1,38500
1426,1,54610
1427,1,128510
1428,1,108900
1429,1,127350
1430,1,77000
1431,1,94325
1432,1,25050
1433,1,76500
1434,1,31500
1435,1,188810
1436,1,42350
1437,1,83700
1438,1,40875
1439,1,70000
1440,1,163125
1441,1,15075
1442,1,70380
1443,1,29250
1444,1,189000
1445,1,15990
1446,1,25000
1447,1,13960
1448,1,192360
1449,1,100300
1450,1,117000
1451,1,70340
1452,1,103170
1453,1,161500
1454,1,104350
1455,1,130550
1456,1,26000
1457,1,72910
1458,1,137200
1459,1,43050
1460,1,33310
1461,1,121975
1462,1,179500
1463,1,69950
1464,1,25500
1465,1,6750
1466,1,113350
1467,1,20850
1468,1,9400
1469,1,6320
1470,1,92920
1471,1,15800
1472,1,16200
1473,1,30010
1474,1,76020
1475,1,71100
1476,1,22400
1477,1,65550
1478,1,55100
1479,1,22860
1480,1,197250
1481,1,94200
1482,1,161350
1483,1,26100
1484,1,23910
1485,1,30900
1486,1,54900
1487,1,39060
1488,1,18050
1489,1,23385
1490,1,13750
1491,1,20010
1492,1,39500
1493,1,59960
1494,1,91200
1495,1,131200
1496,1,191250
1497,1,167250
1498,1,66000
1499,1,18160
1500,1,127200
1501,1,18550
1502,1,10000000
1503,1,299640
1504,1,548505
1505,1,44200
1506,1,100150
1507,1,694700
1508,1,2117500
1509,1,55000
1510,1,103400
1511,1,343850
1512,1,6218300
1513,1,3330000
1514,1,3307500
1515,1,2412800
1516,1,826000
1517,1,66550
1518,1,704700
1519,1,7315250
1520,1,10000000
1521,1,4410000
1522,1,324000
1523,1,288750
1524,1,232500
1525,1,610840
1526,1,10000000
1527,1,12960
1528,1,12350
1529,1,195000
1530,1,27840
1531,1,10000000
1532,1,680100
1533,1,250900
1534,1,150000
1535,1,318015
1536,1,2331600
1537,1,4415790
1538,1,85200
1539,1,88750
1540,1,133250
1541,1,2218210
1542,1,60810
1543,1,485625
1544,1,735210
1545,1,355680
1546,1,113625
1547,1,9370000
1548,1,268800
1549,1,587860
1550,1,1287500
1551,1,1088360
1552,1,621810
1553,1,28810
1554,1,5113125
1555,1,97410
1556,1,189900
1557,1,22640
1558,1,901000
1559,1,959400
1560,1,125790
1561,1,446250
1562,1,369085
1563,1,125750
1564,1,55300
1565,1,834300
1566,1,65410
1567,1,295000
1568,1,154530
1569,1,239000
1570,1,447600
1571,1,762885
1572,1,977000
1573,1,34250
1574,1,249500
1575,1,207990
1576,1,231200
1577,1,1294500
1578,1,158130
1579,1,372750
1580,1,36900
1581,1,418460
1582,1,804800
1583,1,1422450
1584,1,263650
1585,1,1261750
1586,1,33850
1587,1,189550
1588,1,26720
1589,1,202500
1590,1,569700
1591,1,95100
1592,1,23100
1593,1,114250
1594,1,25530
1595,1,6660
1596,1,64050
1597,1,45900
1598,1,153750
1599,1,62100
1600,1,497250
1601,1,742520
1602,1,97500
1603,1,18300
1604,1,56130
1605,1,93240
1606,1,92800
1607,1,743250
1608,1,158100
1609,1,459765
1610,1,218760
1611,1,373800
1612,1,254625
1613,1,80270
1614,1,313875
1615,1,117150
1616,1,27560
1617,1,330800
1618,1,238000
1619,1,15900
1620,1,118875
1621,1,813925
1622,1,236110
1623,1,508950
1624,1,52500
1625,1,90200
1626,1,548300
1627,1,169000
1628,1,333000
1629,1,167400
1630,1,910625
1631,1,414000
1632,1,1409100
1633,1,127000
1634,1,118300
1635,1,947625
1636,1,57000
1637,1,1330875
1638,1,177515
1639,1,583485
1640,1,883550
1641,1,519425
1642,1,625800
1643,1,1279950
1644,1,273855
1645,1,58550
1646,1,23100
1647,1,245050
1648,1,202450
1649,1,152320
1650,1,487000
1651,1,451500
1652,1,185500
1653,1,189485
1654,1,641900
1655,1,1434000
1656,1,16150
1657,1,663000
1658,1,288640
1659,1,332650
1660,1,71755
1661,1,189800
1662,1,365850
1663,1,793350
1664,1,171400
1665,1,64440
1666,1,290010
1667,1,357000
1668,1,151695
1669,1,44720
1670,1,426250
1671,1,76500
1672,1,24720
1673,1,95000
1674,1,330300
1675,1,233550
1676,1,103200
1677,1,52720
1678,1,498300
1679,1,329000
1680,1,283500
1681,1,47850
1682,1,667350
1683,1,268020
1684,1,325125
1685,1,561870
1686,1,252000
1687,1,99150
1688,1,92100
1689,1,909860
1690,1,600020
1691,1,192000
1692,1,892200
1693,1,23000
1694,1,125000
1695,1,972500
1696,1,319690
1697,1,7000
1698,1,526500
1699,1,134400
1700,1,42310
1701,1,149070
1702,1,257420
1703,1,232700
1704,1,256000
1705,1,315100
1706,1,655650
1707,1,88650
1708,1,279600
1709,1,226200
1710,1,67000
1711,1,432825
1712,1,75400
1713,1,387090
1714,1,21100
1715,1,19360
1716,1,619250
1717,1,39500
1718,1,993850
1719,1,190475
1720,1,161250
1721,1,43200
1722,1,215900
1723,1,145600
1724,1,231800
1725,1,980000
1726,1,624750
1727,1,595260
1728,1,111100
1729,1,151300
1730,1,28740
1731,1,47025
1732,1,644850
1733,1,357000
1734,1,408200
1735,1,48190
1736,1,195260
1737,1,186700
1738,1,3190
1739,1,107600
1740,1,635680
1741,1,421000
1742,1,11840
1743,1,116700
1744,1,209710
1745,1,192250
1746,1,454920
1747,1,102550
1748,1,72150
1749,1,149100
1750,1,412800
1751,1,372760
1752,1,105850
1753,1,6910
1754,1,649350
1755,1,258820
1756,1,384010
1757,1,389970
1758,1,510030
1759,1,215200
1760,1,652375
1761,1,136050
1762,1,104250
1763,1,240220
1764,1,146625
1765,1,386000
1766,1,302075
1767,1,62500
1768,1,552000
1769,1,259375
1770,1,11900
1771,1,11200
1772,1,175000
1773,1,231000
1774,1,176250
1775,1,83600
1776,1,3500
1777,1,255000
1778,1,123130
1779,1,113020
1780,1,427550
1781,1,262550
1782,1,177780
1783,1,47500
1784,1,129700
1785,1,164050
1786,1,19880
1787,1,170100
1788,1,50070
1789,1,22570
1790,1,169000
1791,1,240700
1792,1,432250
1793,1,26100
1794,1,128650
1795,1,261975
1796,1,34020
1797,1,72800
1798,1,111620
1799,1,128700
1800,1,114000
1801,1,280500
1802,1,14470
1803,1,422000
1804,1,242500
1805,1,266475
1806,1,250620
1807,1,70700
1808,1,44100
1809,1,81050
1810,1,129375
1811,1,231750
1812,1,170500
1813,1,28870
1814,1,70450
1815,1,56300
1816,1,20450
1817,1,50700
1818,1,66560
1819,1,438225
1820,1,102655
1821,1,362850
1822,1,46320
1823,1,185200
1824,1,390400
1825,1,162750
1826,1,9150
1827,1,192220
1828,1,482970
1829,1,275250
1830,1,115200
1831,1,134210
1832,1,129500
1833,1,315150
1834,1,30720
1835,1,63000
1836,1,4800
1837,1,43560
1838,1,18460
1839,1,271430
1840,1,15110
1841,1,121925
1842,1,104700
1843,1,161200
1844,1,116250
1845,1,36575
1846,1,44450
1847,1,14020
1848,1,203330
1849,1,181275
1850,1,50720
1851,1,107250
1852,1,32810
1853,1,49140
1854,1,29850
1855,1,13100
1856,1,83300
1857,1,161925
1858,1,18060
1859,1,14850
1860,1,27150
1861,1,77825
1862,1,47660
1863,1,57310
1864,1,20900
1865,1,191675
1866,1,69750
1867,1,26170
1868,1,76485
1869,1,114960
1870,1,90780
1871,1,71550
1872,1,71775
1873,1,77550
1874,1,147050
1875,1,150000
1876,1,22840
1877,1,81125
1878,1,17620
1879,1,163860
1880,1,52000
1881,1,42120
1882,1,22320
1883,1,30150
1884,1,186000
1885,1,102980
1886,1,178600
1887,1,7600
1888,1,93300
1889,1,151080
1890,1,58500
1891,1,57600
1892,1,43250
1893,1,140400
1894,1,34100
1895,1,14160
1896,1,154500
1897,1,10060
1898,1,5400
1899,1,150475
1900,1,149650
1901,1,2880
1902,1,58470
1903,1,17260
1904,1,22950
1905,1,41250
1906,1,97500
1907,1,9040
1908,1,71200
1909,1,193360
1910,1,138750
1911,1,123480
1912,1,170750
1913,1,122075
1914,1,64875
1915,1,57450
1916,1,83850
1917,1,126650
1918,1,22930
1919,1,20700
1920,1,194750
1921,1,4500
1922,1,29430
1923,1,34420
1924,1,121440
1925,1,199750
1926,1,12600
1927,1,29480
1928,1,112800
1929,1,142000
1930,1,180600
1931,1,36190
1932,1,122100
1933,1,106930
1934,1,43800
1935,1,44200
1936,1,29250
1937,1,148500
1938,1,62510
1939,1,66650
1940,1,173300
1941,1,45200
1942,1,118300
1943,1,79125
1944,1,26430
1945,1,34350
1946,1,102150
1947,1,91200
1948,1,99875
1949,1,53200
1950,1,11120
1951,1,72250
1952,1,97550
1953,1,40750
1954,1,133200
1955,1,193575
1956,1,55100
1957,1,96780
1958,1,155250
1959,1,116225
1960,1,118250
1961,1,60400
1962,1,152850
1963,1,49050
1964,1,117900
1965,1,36330
1966,1,9600
1967,1,38310
1968,1,161250
1969,1,197520
1970,1,62740
1971,1,81900
1972,1,76450
1973,1,196200
1974,1,133380
1975,1,132750
1976,1,72700
1977,1,23670
1978,1,29000
1979,1,15960
1980,1,176820
1981,1,3410
1982,1,132870
1983,1,33560
1984,1,195700
1985,1,115120
1986,1,152720
1987,1,27000
1988,1,62400
1989,1,101400
1990,1,159375
1991,1,106460
1992,1,70850
1993,1,12750
1994,1,114560
1995,1,70000
1996,1,35300
1997,1,109200
1998,1,68410
1999,1,23820
2000,1,6100
2001,1,993825
2002,1,210150
2003,1,930000
2004,1,78400
2005,1,17240
2006,1,82000
2007,1,218700
2008,1,6342500
2009,1,1173000
2010,1,11280
2011,1,46750
2012,1,54550
2013,1,24150
2014,1,117600
2015,1,2878570
2016,1,357880
2017,1,12280
2018,1,60670
2019,1,5382450
2020,1,4809530
2021,1,427610
2022,1,481375
2023,1,891380
2024,1,412250
2025,1,236600
2026,1,79660
2027,1,2137810
2028,1,683100
2029,1,5880
2030,1,264025
2031,1,403250
2032,1,10000000
2033,1,2663750
2034,1,728600
2035,1,3505200
2036,1,2143665
2037,1,52200
2038,1,79220
2039,1,6340
2040,1,351960
2041,1,289550
2042,1,808250
2043,1,426650
2044,1,44000
2045,1,75000
2046,1,270160
2047,1,115500
2048,1,70000
2049,1,69300
2050,1,10000000
2051,1,10000000
2052,1,241680
2053,1,457330
2054,1,2310000
2055,1,1752410
2056,1,256250
2057,1,10000000
2058,1,125125
2059,1,5695000
2060,1,113420
2061,1,462725
2062,1,96400
2063,1,162600
2064,1,725620
2065,1,199290
2066,1,765500
2067,1,64520
2068,1,82400
2069,1,61900
2070,1,755850
2071,1,376280
2072,1,395900
2073,1,71470
2074,1,274500
2075,1,1028500
2076,1,102825
2077,1,159500
2078,1,815750
2079,1,626400
2080,1,1044970
2081,1,545000
2082,1,429300
2083,1,1173000
2084,1,106000
2085,1,606000
2086,1,136875
2087,1,281250
2088,1,63200
2089,1,729250
2090,1,1199625
2091,1,5350
2092,1,70750
2093,1,1231700
2094,1,310610
2095,1,264575
2096,1,7912800
2097,1,370000
2098,1,49790
2099,1,686750
2100,1,685800
2101,1,653125
2102,1,69310
2103,1,535000
2104,1,1019000
2105,1,340250
2106,1,145210
2107,1,8890
2108,1,1327425
2109,1,43750
2110,1,400000
2111,1,224000
2112,1,1402800
2113,1,360000
2114,1,600480
2115,1,325500
2116,1,14400
2117,1,296160
2118,1,20000
2119,1,136430
2120,1,92500
2121,1,53850
2122,1,433780
2123,1,37610
2124,1,310600
2125,1,277360
2126,1,21600
2127,1,580300
2128,1,171500
2129,1,63400
2130,1,967200
2131,1,75650
2132,1,127835
2133,1,94600
2134,1,141110
2135,1,526495
2136,1,331955
2137,1,32725
2138,1,263585
2139,1,439910
2140,1,68200
2141,1,631750
2142,1,604810
2143,1,658375
2144,1,16780
2145,1,91250
2146,1,325815
2147,1,274500
2148,1,174800
2149,1,36670
2150,1,141750
2151,1,588560
2152,1,19250
2153,1,480245
2154,1,198820
2155,1,871080
2156,1,11420
2157,1,106700
2158,1,304520
2159,1,893450
2160,1,33600
2161,1,429310
2162,1,86220
2163,1,49825
2164,1,97290
2165,1,60450
2166,1,118500
2167,1,224820
2168,1,487000
2169,1,40760
2170,1,228400
2171,1,531200
2172,1,65250
2173,1,137340
2174,1,113750
2175,1,544000
2176,1,46825
2177,1,350720
2178,1,215625
2179,1,171500
2180,1,859375
2181,1,72850
2182,1,208800
2183,1,2200
2184,1,81960
2185,1,45250
2186,1,713900
2187,1,161200
2188,1,23420
2189,1,319870
2190,1,105000
2191,1,97510
2192,1,15600
2193,1,60150
2194,1,162750
2195,1,664010
2196,1,195520
2197,1,235410
2198,1,30600
2199,1,211850
2200,1,148550
2201,1,17700
2202,1,164800
2203,1,852600
2204,1,157850
2205,1,227200
2206,1,355100
2207,1,661160
2208,1,107500
2209,1,352500
2210,1,61250
2211,1,55240
2212,1,115800
2213,1,240285
2214,1,39100
2215,1,596400
2216,1,683100
2217,1,492500
2218,1,687700
2219,1,684450
2220,1,223930
2221,1,212840
2222,1,90900
2223,1,400920
2224,1,45360
2225,1,115500
2226,1,171350
2227,1,384860
2228,1,46300
2229,1,65900
2230,1,574000
2231,1,7960
2232,1,5400
2233,1,642510
2234,1,278340
2235,1,18200
2236,1,13510
2237,1,176000
2238,1,350250
2239,1,229950
2240,1,172800
2241,1,224510
2242,1,552125
2243,1,10500
2244,1,78000
2245,1,352650
2246,1,234900
2247,1,18440
2248,1,221000
2249,1,198750
2250,1,131460
2251,1,104750
2252,1,52550
2253,1,360165
2254,1,81950
2255,1,450000
2256,1,60200
2257,1,514070
2258,1,813800
2259,1,42400
2260,1,885365
2261,1,99270
2262,1,514430
2263,1,291480
2264,1,63670
2265,1,23230
2266,1,7200
2267,1,178510
2268,1,138600
2269,1,20700
2270,1,600000
2271,1,315720
2272,1,206160
2273,1,27240
2274,1,488250
2275,1,125890
2276,1,153020
2277,1,549855
2278,1,507450
2279,1,17990
2280,1,128450
2281,1,452400
2282,1,29750
2283,1,252330
2284,1,212050
2285,1,167610
2286,1,154320
2287,1,50140
2288,1,50175
2289,1,45150
2290,1,169000
2291,1,323510
2292,1,104920
2293,1,295680
2294,1,402400
2295,1,56350
2296,1,219010
2297,1,476795
2298,1,58825
2299,1,64125
2300,1,202250
2301,1,45900
2302,1,13750
2303,1,22660
2304,1,53400
2305,1,336180
2306,1,54920
2307,1,16800
2308,1,451200
2309,1,281935
2310,1,150400
2311,1,415000
2312,1,439350
2313,1,50410
2314,1,360525
2315,1,204875
2316,1,247300
2317,1,14175
2318,1,77100
2319,1,66860
2320,1,272250
2321,1,280550
2322,1,158060
2323,1,31200
2324,1,261600
2325,1,116280
2326,1,198250
2327,1,475200
2328,1,423985
2329,1,30750
2330,1,62070
2331,1,319940
2332,1,370260
2333,1,202875
2334,1,5200
2335,1,93520
2336,1,336240
2337,1,84850
2338,1,7780
2339,1,116910
2340,1,51400
2341,1,45060
2342,1,65000
2343,1,152000
2344,1,177150
2345,1,53750
2346,1,102400
2347,1,130310
2348,1,89375
2349,1,129310
2350,1,150420
2351,1,23975
2352,1,197645
2353,1,198200
2354,1,195825
2355,1,135000
2356,1,147000
2357,1,23480
2358,1,195850
2359,1,31540
2360,1,27660
2361,1,3920
2362,1,147620
2363,1,199320
2364,1,126220
2365,1,135450
2366,1,2070
2367,1,8130
2368,1,148815
2369,1,157010
2370,1,35600
2371,1,122120
2372,1,3500
2373,1,199000
2374,1,121450
2375,1,66275
2376,1,133760
2377,1,43110
2378,1,88750
2379,1,67650
2380,1,195760
2381,1,84420
2382,1,95550
2383,1,102450
2384,1,27300
2385,1,27900
2386,1,33970
2387,1,13660
2388,1,180300
2389,1,14000
2390,1,161370
2391,1,61650
2392,1,57200
2393,1,137080
2394,1,42635
2395,1,36100
2396,1,106875
2397,1,12150
2398,1,46800
2399,1,90890
2400,1,26700
2401,1,141600
2402,1,50340
2403,1,70160
2404,1,88075
2405,1,123800
2406,1,44200
2407,1,131250
2408,1,36400
2409,1,4900
2410,1,42000
2411,1,129675
2412,1,94750
2413,1,108920
2414,1,152400
2415,1,102170
2416,1,106275
2417,1,176500
2418,1,64000
2419,1,60000
2420,1,16400
2421,1,40100
2422,1,130350
2423,1,57600
2424,1,23440
2425,1,47750
2426,1,35700
2427,1,151400
2428,1,34650
2429,1,70490
2430,1,152260
2431,1,179625
2432,1,95760
2433,1,52560
2434,1,31500
2435,1,135525
2436,1,30040
2437,1,160300
2438,1,135510
2439,1,19530
2440,1,29940
2441,1,39950
2442,1,17600
2443,1,33420
2444,1,66275
2445,1,40300
2446,1,117900
2447,1,108040
2448,1,104730
2449,1,4500
2450,1,18750
2451,1,55490
2452,1,26350
2453,1,145600
2454,1,54000
2455,1,166800
2456,1,147200
2457,1,96000
2458,1,57250
2459,1,12370
2460,1,68250
2461,1,176610
2462,1,64320
2463,1,31625
2464,1,20590
2465,1,166100
2466,1,153595
2467,1,45060
2468,1,74600
2469,1,176100
2470,1,32670
2471,1,35190
2472,1,4000
2473,1,49870
2474,1,59400
2475,1,71830
2476,1,34100
2477,1,30780
2478,1,161600
2479,1,25760
2480,1,77500
2481,1,110660
2482,1,44050
2483,1,110600
2484,1,86450
2485,1,6600
2486,1,39200
2487,1,169715
2488,1,164175
2489,1,175875
2490,1,56260
2491,1,169085
2492,1,41160
2493,1,125310
2494,1,67455
2495,1,6600
2496,1,71250
2497,1,123750
2498,1,38710
2499,1,26220
2500,1,42200
2501,1,111100
2502,1,95750
2503,1,40700
2504,1,14300
2505,1,10000000
2506,1,963200
2507,1,11000
2508,1,75420
2509,1,915975
2510,1,5806500
2511,1,165000
2512,1,1252500
2513,1,1006550
2514,1,154680
2515,1,146000
2516,1,6436750
2517,1,248885
2518,1,89410
2519,1,92295
2520,1,31440
2521,1,1007250
2522,1,10000000
2523,1,745250
2524,1,967400
2525,1,1610830
2526,1,119100
2527,1,6210000
2528,1,842400
2529,1,224080
2530,1,9436875
2531,1,3405500
2532,1,1731850
2533,1,71550
2534,1,32300
2535,1,567050
2536,1,810000
2537,1,29320
2538,1,1228240
2539,1,460460
2540,1,2121000
2541,1,120990
2542,1,135000
2543,1,1085280
2544,1,250350
2545,1,9000
2546,1,1641915
2547,1,111830
2548,1,120500
2549,1,97125
2550,1,40275
2551,1,465600
2552,1,293625
2553,1,408975
2554,1,1134750
2555,1,162540
2556,1,3462900
2557,1,730800
2558,1,384825
2559,1,16800
2560,1,357600
2561,1,43400
2562,1,763700
2563,1,273375
2564,1,77400
2565,1,705600
2566,1,644300
2567,1,10000000
2568,1,4247600
2569,1,137000
2570,1,218885
2571,1,226875
2572,1,245070
2573,1,2509150
2574,1,324450
2575,1,68625
2576,1,503750
2577,1,158710
2578,1,166300
2579,1,381000
2580,1,11000
2581,1,32700
2582,1,143650
2583,1,727570
2584,1,76000
2585,1,192750
2586,1,25040
2587,1,80670
2588,1,242325
2589,1,280810
2590,1,644140
2591,1,181250
2592,1,179570
2593,1,40600
2594,1,14150
2595,1,28000
2596,1,841750
2597,1,350280
2598,1,16500
2599,1,10000000
2600,1,31640
2601,1,141930
2602,1,600
2603,1,28780
2604,1,103500
2605,1,1323410
2606,1,210600
2607,1,16600
2608,1,1100000
2609,1,175395
2610,1,401470
2611,1,16100
2612,1,280350
2613,1,270830
2614,1,605020
2615,1,591300
2616,1,175000
2617,1,802435
2618,1,39240
2619,1,216000
2620,1,38850
2621,1,315070
2622,1,371300
2623,1,754020
2624,1,98040
2625,1,96900
2626,1,41550
2627,1,9580
2628,1,1298500
2629,1,30800
2630,1,125960
2631,1,905000
2632,1,154830
2633,1,24000
2634,1,152250
2635,1,875100
2636,1,650370
2637,1,271350
2638,1,808230
2639,1,51760
2640,1,2800
2641,1,184310
2642,1,271600
2643,1,436450
2644,1,574020
2645,1,82240
2646,1,821900
2647,1,78050
2648,1,801625
2649,1,40250
2650,1,410200
2651,1,74175
2652,1,172500
2653,1,393910
2654,1,132800
2655,1,137600
2656,1,33700
2657,1,224720
2658,1,27460
2659,1,129300
2660,1,139150
2661,1,552375
2662,1,237250
2663,1,403875
2664,1,38770
2665,1,38400
2666,1,895660
2667,1,207240
2668,1,101170
2669,1,381110
2670,1,146500
2671,1,35520
2672,1,42360
2673,1,55560
2674,1,314765
2675,1,691700
2676,1,687675
2677,1,103800
2678,1,35400
2679,1,718620
2680,1,247000
2681,1,121500
2682,1,86600
2683,1,8520
2684,1,19250
2685,1,41550
2686,1,13060
2687,1,64800
2688,1,439080
2689,1,140475
2690,1,328200
2691,1,30800
2692,1,83310
2693,1,122730
2694,1,242125
2695,1,870250
2696,1,795250
2697,1,325500
2698,1,195800
2699,1,119000
2700,1,45720
2701,1,33700
2702,1,37660
2703,1,62150
2704,1,301000
2705,1,316370
2706,1,4500
2707,1,847875
2708,1,918200
2709,1,405125
2710,1,129660
2711,1,633650
2712,1,36040
2713,1,28400
2714,1,217260
2715,1,173700
2716,1,194400
2717,1,351090
2718,1,155225
2719,1,648375
2720,1,76850
2721,1,75725
2722,1,53000
2723,1,717920
2724,1,91300
2725,1,663010
2726,1,26970
2727,1,11000
2728,1,429010
2729,1,213150
2730,1,677575
2731,1,18000
2732,1,176880
2733,1,903000
2734,1,509700
2735,1,115500
2736,1,76400
2737,1,323420
2738,1,294850
2739,1,165000
2740,1,18150
2741,1,9900
2742,1,96670
2743,1,51160
2744,1,12900
2745,1,328180
2746,1,857500
2747,1,176100
2748,1,14780
2749,1,9450
2750,1,230800
2751,1,64050
2752,1,420750
2753,1,47710
2754,1,426700
2755,1,14020
2756,1,80510
2757,1,522750
2758,1,810050
2759,1,58460
2760,1,495300
2761,1,373500
2762,1,17500
2763,1,655700
2764,1,486510
2765,1,92850
2766,1,330235
2767,1,22820
2768,1,36070
2769,1,82650
2770,1,266500
2771,1,215475
2772,1,462340
2773,1,126675
2774,1,762450
2775,1,135400
2776,1,496300
2777,1,44325
2778,1,496125
2779,1,75550
2780,1,256550
2781,1,232750
2782,1,25500
2783,1,63270
2784,1,69110
2785,1,457400
2786,1,47075
2787,1,588000
2788,1,453600
2789,1,100750
2790,1,264390
2791,1,133040
2792,1,312130
2793,1,30800
2794,1,239220
2795,1,806400
2796,1,339660
2797,1,260770
2798,1,55600
2799,1,451500
2800,1,52950
2801,1,206000
2802,1,13390
2803,1,21600
2804,1,268000
2805,1,411200
2806,1,14790
2807,1,37720
2808,1,207075
2809,1,51600
2810,1,261500
2811,1,487550
2812,1,241650
2813,1,36750
2814,1,56710
2815,1,253050
2816,1,375540
2817,1,44550
2818,1,217275
2819,1,37500
2820,1,95410
2821,1,174220
2822,1,384890
2823,1,204300
2824,1,393395
2825,1,38580
2826,1,32500
2827,1,160500
2828,1,44700
2829,1,364650
2830,1,84750
2831,1,86600
2832,1,146850
2833,1,375600
2834,1,165760
2835,1,36750
2836,1,55650
2837,1,29800
2838,1,405125
2839,1,42600
2840,1,74450
2841,1,483460
2842,1,93600
2843,1,90480
2844,1,60320
2845,1,389000
2846,1,59110
2847,1,276750
2848,1,85100
2849,1,384600
2850,1,65625
2851,1,262750
2852,1,150160
2853,1,344610
2854,1,23050
2855,1,294600
2856,1,451500
2857,1,6900
2858,1,249900
2859,1,46800
2860,1,32070
2861,1,275275
2862,1,103950
2863,1,60180
2864,1,35540
2865,1,22100
2866,1,6000
2867,1,73800
2868,1,65500
2869,1,88400
2870,1,2300
2871,1,150600
2872,1,138375
2873,1,106280
2874,1,37100
2875,1,158650
2876,1,137750
2877,1,43450
2878,1,18090
2879,1,30730
2880,1,94500
2881,1,82500
2882,1,197150
2883,1,44970
2884,1,150120
2885,1,15600
2886,1,77850
2887,1,55260
2888,1,68000
2889,1,52325
2890,1,75000
2891,1,119520
2892,1,87900
2893,1,65000
2894,1,146680
2895,1,187550
2896,1,27080
2897,1,20000
2898,1,26400
2899,1,86500
2900,1,47950
2901,1,110000
2902,1,69025
2903,1,10500
2904,1,16100
2905,1,56500
2906,1,109000
2907,1,151000
2908,1,57750
2909,1,60880
2910,1,101220
2911,1,118800
2912,1,16930
2913,1,110500
2914,1,56420
2915,1,100110
2916,1,62200
2917,1,19320
2918,1,10800
2919,1,158200
2920,1,16420
2921,1,152360
2922,1,110200
2923,1,193200
2924,1,21200
2925,1,59160
2926,1,76050
2927,1,120500
2928,1,59400
2929,1,181875
2930,1,44770
2931,1,131100
2932,1,194600
2933,1,77410
2934,1,33080
2935,1,104860
2936,1,47790
2937,1,36750
2938,1,138000
2939,1,119925
2940,1,64440
2941,1,75600
2942,1,64500
2943,1,42770
2944,1,21000
2945,1,169380
2946,1,99080
2947,1,136320
2948,1,2750
2949,1,29590
2950,1,27390
2951,1,79450
2952,1,88400
2953,1,52200
2954,1,69750
2955,1,150095
2956,1,73150
2957,1,35000
2958,1,74200
2959,1,41600
2960,1,95070
2961,1,11900
2962,1,22060
2963,1,56680
2964,1,56630
2965,1,46790
2966,1,3300
2967,1,40000
2968,1,68900
2969,1,27590
2970,1,157660
2971,1,148600
2972,1,127050
2973,1,93020
2974,1,56000
2975,1,19500
2976,1,15700
2977,1,51300
2978,1,59500
2979,1,7650
2980,1,36540
2981,1,7000
2982,1,76900
2983,1,142450
2984,1,48900
2985,1,45250
2986,1,25400
2987,1,13820
2988,1,6000
2989,1,162400
2990,1,21780
2991,1,184650
2992,1,132900
2993,1,63300
2994,1,139350
2995,1,12685
2996,1,90035
2997,1,41090
2998,1,154250
2999,1,22350
3000,1,117300
3001,1,1340000
3002,1,332000
3003,1,86760
3004,1,128625
3005,1,186000
3006,1,470400
3007,1,102375
3008,1,2188050
3009,1,820105
3010,1,2424700
3011,1,1930510
3012,1,3447000
3013,1,943500
3014,1,233610
3015,1,1748880
3016,1,432535
3017,1,9100
3018,1,162350
3019,1,1466930
3020,1,953810
3021,1,9812525
3022,1,494975
3023,1,1362500
3024,1,257820
3025,1,178500
3026,1,58725
3027,1,495650
3028,1,1082375
3029,1,142810
3030,1,9927500
3031,1,409050
3032,1,488700
3033,1,3975000
3034,1,316760
3035,1,25860
3036,1,2867020
3037,1,124200
3038,1,114250
3039,1,2939400
3040,1,940645
3041,1,192350
3042,1,401500
3043,1,627760
3044,1,694695
3045,1,8240750
3046,1,523620
3047,1,77500
3048,1,317800
3049,1,10000000
3050,1,134750
3051,1,146200
3052,1,64400
3053,1,146560
3054,1,118820
3055,1,75000
3056,1,10000000
3057,1,10000000
3058,1,226500
3059,1,217250
3060,1,308000
3061,1,168350
3062,1,10000000
3063,1,184725
3064,1,80600
3065,1,176000
3066,1,710000
3067,1,118800
3068,1,692000
3069,1,306280
3070,1,429200
3071,1,297000
3072,1,383475
3073,1,119720
3074,1,347500
3075,1,690000
3076,1,77450
3077,1,1083840
3078,1,918300
3079,1,134860
3080,1,1075200
3081,1,85910
3082,1,237610
3083,1,838980
3084,1,80925
3085,1,228700
3086,1,179795
3087,1,426000
3088,1,62500
3089,1,1035510
3090,1,156500
3091,1,1234900
3092,1,7590150
3093,1,1134020
3094,1,154760
3095,1,41230
3096,1,363150
3097,1,608960
3098,1,237000
3099,1,728125
3100,1,17940
3101,1,507500
3102,1,29540
3103,1,31920
3104,1,418000
3105,1,618770
3106,1,102150
3107,1,21970
3108,1,89310
3109,1,239100
3110,1,19120
3111,1,253825
3112,1,377000
3113,1,146000
3114,1,365280
3115,1,43800
3116,1,61800
3117,1,83640
3118,1,442000
3119,1,253320
3120,1,55125
3121,1,126000
3122,1,58470
3123,1,188820
3124,1,85700
3125,1,133500
3126,1,185700
3127,1,284250
3128,1,659325
3129,1,237650
3130,1,211900
3131,1,8070
3132,1,355460
3133,1,815520
3134,1,186500
3135,1,405250
3136,1,252050
3137,1,28600
3138,1,91380
3139,1,45270
3140,1,209810
3141,1,347600
3142,1,27500
3143,1,242550
3144,1,12070
3145,1,43660
3146,1,118500
3147,1,276300
3148,1,106875
3149,1,36000
3150,1,12050
3151,1,64810
3152,1,112875
3153,1,2400
3154,1,287450
3155,1,107625
3156,1,289060
3157,1,440900
3158,1,620700
3159,1,21150
3160,1,54600
3161,1,274750
3162,1,419835
3163,1,31200
3164,1,746400
3165,1,23650
3166,1,673500
3167,1,85940
3168,1,963320
3169,1,98400
3170,1,16440
3171,1,607730
3172,1,35100
3173,1,16080
3174,1,966350
3175,1,30600
3176,1,499065
3177,1,311250
3178,1,320650
3179,1,8000
3180,1,404700
3181,1,745200
3182,1,816200
3183,1,102735
3184,1,165480
3185,1,15790
3186,1,53100
3187,1,90540
3188,1,22580
3189,1,84400
3190,1,719145
3191,1,904000
3192,1,501500
3193,1,5400
3194,1,875260
3195,1,363825
3196,1,62800
3197,1,280445
3198,1,762090
3199,1,523450
3200,1,44800
3201,1,254750
3202,1,369300
3203,1,993200
3204,1,66510
3205,1,917200
3206,1,301725
3207,1,709650
3208,1,14620
3209,1,148500
3210,1,77420
3211,1,6000
3212,1,779700
3213,1,437165
3214,1,52200
3215,1,244510
3216,1,63700
3217,1,170400
3218,1,83600
3219,1,173150
3220,1,369075
3221,1,374250
3222,1,701400
3223,1,21630
3224,1,198450
3225,1,471250
3226,1,564020
3227,1,47510
3228,1,635010
3229,1,61260
3230,1,920950
3231,1,57880
3232,1,165620
3233,1,373450
3234,1,213420
3235,1,238425
3236,1,281500
3237,1,19170
3238,1,549250
3239,1,14950
3240,1,37125
3241,1,218480
3242,1,190800
3243,1,169240
3244,1,677210
3245,1,182490
3246,1,65460
3247,1,382920
3248,1,519010
3249,1,194860
3250,1,190760
3251,1,341850
3252,1,125750
3253,1,177610
3254,1,16020
3255,1,840710
3256,1,109280
3257,1,127260
3258,1,38170
3259,1,86625
3260,1,339660
3261,1,220500
3262,1,292370
3263,1,51320
3264,1,92025
3265,1,92650
3266,1,290100
3267,1,204050
3268,1,86300
3269,1,542245
3270,1,398905
3271,1,30190
3272,1,462385
3273,1,424500
3274,1,231180
3275,1,34600
3276,1,62100
3277,1,151210
3278,1,918750
3279,1,315530
3280,1,387875
3281,1,40400
3282,1,460000
3283,1,589060
3284,1,905200
3285,1,100625
3286,1,510620
3287,1,153000
3288,1,14500
3289,1,100820
3290,1,85500
3291,1,194390
3292,1,173250
3293,1,201180
3294,1,77200
3295,1,169380
3296,1,466635
3297,1,157560
3298,1,195750
3299,1,317400
3300,1,188575
3301,1,3060
3302,1,76500
3303,1,43130
3304,1,325600
3305,1,38350
3306,1,328000
3307,1,115800
3308,1,149400
3309,1,474800
3310,1,107010
3311,1,9000
3312,1,77630
3313,1,41330
3314,1,499200
3315,1,194400
3316,1,84930
3317,1,335280
3318,1,75200
3319,1,36000
3320,1,282975
3321,1,437670
3322,1,209375
3323,1,211500
3324,1,182765
3325,1,112600
3326,1,90750
3327,1,41350
3328,1,259720
3329,1,333465
3330,1,18710
3331,1,236250
3332,1,91975
3333,1,140910
3334,1,221650
3335,1,320875
3336,1,31950
3337,1,37130
3338,1,3800
3339,1,427500
3340,1,208270
3341,1,85500
3342,1,117975
3343,1,9750
3344,1,73850
3345,1,5375
3346,1,96000
3347,1,99020
3348,1,40220
3349,1,19410
3350,1,174375
3351,1,34200
3352,1,51885
3353,1,10050
3354,1,182000
3355,1,20140
3356,1,33800
3357,1,21600
3358,1,40275
3359,1,192075
3360,1,165750
3361,1,75080
3362,1,23950
3363,1,161975
3364,1,18345
3365,1,86625
3366,1,77600
3367,1,22010
3368,1,107520
3369,1,29440
3370,1,27550
3371,1,31800
3372,1,66050
3373,1,7160
3374,1,141250
3375,1,43125
3376,1,79800
3377,1,170500
3378,1,68450
3379,1,41960
3380,1,130000
3381,1,45825
3382,1,151800
3383,1,89100
3384,1,82250
3385,1,113600
3386,1,99000
3387,1,28070
3388,1,108010
3389,1,12010
3390,1,5440
3391,1,119925
3392,1,30000
3393,1,99000
3394,1,182000
3395,1,141000
3396,1,172250
3397,1,45600
3398,1,128040
3399,1,58640
3400,1,76340
3401,1,144220
3402,1,163380
3403,1,23010
3404,1,8860
3405,1,59600
3406,1,15950
3407,1,9450
3408,1,19800
3409,1,109010
3410,1,78660
3411,1,24620
3412,1,103220
3413,1,31550
3414,1,90930
3415,1,139500
3416,1,173075
3417,1,35770
3418,1,188000
3419,1,32000
3420,1,101200
3421,1,12460
3422,1,82125
3423,1,15400
3424,1,121275
3425,1,55440
3426,1,171000
3427,1,35750
3428,1,10290
3429,1,78850
3430,1,163625
3431,1,4800
3432,1,191820
3433,1,18000
3434,1,59250
3435,1,42890
3436,1,23910
3437,1,141450
3438,1,116100
3439,1,47200
3440,1,128900
3441,1,188820
3442,1,11000
3443,1,14700
3444,1,135000
3445,1,13840
3446,1,176100
3447,1,25060
3448,1,61800
3449,1,188245
3450,1,41500
3451,1,114390
3452,1,40100
3453,1,126200
3454,1,104000
3455,1,26950
3456,1,30000
3457,1,136800
3458,1,36200
3459,1,53770
3460,1,132700
3461,1,6100
3462,1,94250
3463,1,6000
3464,1,23100
3465,1,146250
3466,1,6310
3467,1,75625
3468,1,21375
3469,1,188100
3470,1,166950
3471,1,50450
3472,1,81200
3473,1,38250
3474,1,1400
3475,1,19100
3476,1,137730
3477,1,74370
3478,1,109825
3479,1,164325
3480,1,109750
3481,1,27700
3482,1,190050
3483,1,122600
3484,1,89700
3485,1,115125
3486,1,68400
3487,1,6000
3488,1,171100
3489,1,19440
3490,1,186750
3491,1,171500
3492,1,42300
3493,1,134150
3494,1,96750
3495,1,61100
3496,1,63000
3497,1,114800
3498,1,11480
3499,1,13200
3500,1,41840
3501,1,201120
3502,1,44360
3503,1,58650
3504,1,216000
3505,1,169400
3506,1,486500
3507,1,41000
3508,1,10000000
3509,1,529200
3510,1,63225
3511,1,50500
3512,1,218850
3513,1,10000000
3514,1,1996665
3515,1,10000000
3516,1,9036000
3517,1,96680
3518,1,21600
3519,1,1284420
3520,1,18200
3521,1,10000000
3522,1,23310
3523,1,274480
3524,1,62700
3525,1,719750
3526,1,207975
3527,1,3084800
3528,1,1199210
3529,1,9065000
3530,1,327250
3531,1,1520200
3532,1,23800
3533,1,186885
3534,1,2328300
3535,1,73700
3536,1,107650
3537,1,205620
3538,1,8260
3539,1,1789650
3540,1,11010
3541,1,102020
3542,1,372600
3543,1,58470
3544,1,909700
3545,1,3712500
3546,1,381550
3547,1,36600
3548,1,379720
3549,1,298200
3550,1,639285
3551,1,59400
3552,1,24330
3553,1,337620
3554,1,39825
3555,1,539740
3556,1,25400
3557,1,51820
3558,1,280500
3559,1,1050975
3560,1,4156950
3561,1,135000
3562,1,94250
3563,1,69750
3564,1,8312500
3565,1,2668550
3566,1,248400
3567,1,147510
3568,1,105350
3569,1,6243675
3570,1,48000
3571,1,1202050
3572,1,861250
3573,1,1220000
3574,1,569625
3575,1,564400
3576,1,14170
3577,1,12960
3578,1,288000
3579,1,286500
3580,1,597450
3581,1,5250
3582,1,136500
3583,1,116250
3584,1,214650
3585,1,75000
3586,1,1293375
3587,1,247620
3588,1,72150
3589,1,456250
3590,1,118230
3591,1,71800
3592,1,142500
3593,1,601900
3594,1,11670
3595,1,417500
3596,1,1120000
3597,1,262410
3598,1,854250
3599,1,19950
3600,1,47240
3601,1,29500
3602,1,26060
3603,1,34650
3604,1,237210
3605,1,556600
3606,1,94875
3607,1,44450
3608,1,188320
3609,1,114680
3610,1,205730
3611,1,89900
3612,1,363205
3613,1,196800
3614,1,762250
3615,1,576080
3616,1,182000
3617,1,65700
3618,1,101700
3619,1,624910
3620,1,74260
3621,1,46810
3622,1,281990
3623,1,241360
3624,1,101460
3625,1,15250
3626,1,54660
3627,1,90300
3628,1,690900
3629,1,11400
3630,1,559050
3631,1,302400
3632,1,65900
3633,1,32680
3634,1,150500
3635,1,120625
3636,1,55125
3637,1,1152060
3638,1,212270
3639,1,264500
3640,1,34000
3641,1,846300
3642,1,352600
3643,1,38635
3644,1,256000
3645,1,201215
3646,1,302160
3647,1,18600
3648,1,850640
3649,1,242900
3650,1,37730
3651,1,1092500
3652,1,442525
3653,1,539750
3654,1,179400
3655,1,46575
3656,1,580210
3657,1,162510
3658,1,34410
3659,1,127575
3660,1,276110
3661,1,15600
3662,1,282700
3663,1,303800
3664,1,101980
3665,1,652060
3666,1,52850
3667,1,434115
3668,1,449570
3669,1,312325
3670,1,35775
3671,1,323570
3672,1,806500
3673,1,231000
3674,1,472000
3675,1,137500
3676,1,478980
3677,1,304500
3678,1,597240
3679,1,367000
3680,1,275730
3681,1,350210
3682,1,494730
3683,1,845520
3684,1,290700
3685,1,927500
3686,1,645400
3687,1,341395
3688,1,12000
3689,1,496810
3690,1,164000
3691,1,169900
3692,1,56070
3693,1,81750
3694,1,579600
3695,1,79200
3696,1,250620
3697,1,148700
3698,1,141600
3699,1,803250
3700,1,136835
3701,1,586700
3702,1,194925
3703,1,362300
3704,1,32175
3705,1,547365
3706,1,142500
3707,1,214880
3708,1,42750
3709,1,35700
3710,1,7000
3711,1,290770
3712,1,573850
3713,1,8840
3714,1,285650
3715,1,586750
3716,1,765750
3717,1,54925
3718,1,86710
3719,1,199575
3720,1,335835
3721,1,926375
3722,1,307720
3723,1,358320
3724,1,392350
3725,1,103000
3726,1,103510
3727,1,54600
3728,1,288540
3729,1,591580
3730,1,98200
3731,1,387860
3732,1,981750
3733,1,247500
3734,1,188100
3735,1,482000
3736,1,872900
3737,1,136800
3738,1,642175
3739,1,967500
3740,1,260585
3741,1,16500
3742,1,235000
3743,1,279620
3744,1,224000
3745,1,730100
3746,1,508000
3747,1,397530
3748,1,2900
3749,1,372125
3750,1,520000
3751,1,532680
3752,1,91900
3753,1,18000
3754,1,51600
3755,1,165015
3756,1,31520
3757,1,132600
3758,1,67660
3759,1,210640
3760,1,39140
3761,1,397330
3762,1,252250
3763,1,551790
3764,1,221080
3765,1,238975
3766,1,122410
3767,1,319385
3768,1,144375
3769,1,734630
3770,1,83400
3771,1,165775
3772,1,468000
3773,1,18000
3774,1,378625
3775,1,109550
3776,1,29130
3777,1,313480
3778,1,113400
3779,1,66500
3780,1,268125
3781,1,215400
3782,1,77400
3783,1,55200
3784,1,129825
3785,1,347975
3786,1,319010
3787,1,547500
3788,1,290000
3789,1,811750
3790,1,952120
3791,1,377300
3792,1,53710
3793,1,181100
3794,1,193325
3795,1,379740
3796,1,273060
3797,1,249275
3798,1,19050
3799,1,351760
3800,1,8330
3801,1,75760
3802,1,75330
3803,1,69600
3804,1,403410
3805,1,138500
3806,1,136350
3807,1,124775
3808,1,312420
3809,1,39460
3810,1,53325
3811,1,437750
3812,1,2450
3813,1,407220
3814,1,15620
3815,1,19030
3816,1,78575
3817,1,15760
3818,1,153900
3819,1,24780
3820,1,87550
3821,1,136885
3822,1,222750
3823,1,481260
3824,1,91800
3825,1,198450
3826,1,312765
3827,1,50740
3828,1,111960
3829,1,89600
3830,1,76010
3831,1,36600
3832,1,103200
3833,1,22650
3834,1,85810
3835,1,107010
3836,1,15120
3837,1,88230
3838,1,178660
3839,1,57450
3840,1,116640
3841,1,16760
3842,1,7680
3843,1,71100
3844,1,36820
3845,1,106500
3846,1,4400
3847,1,25990
3848,1,94050
3849,1,138600
3850,1,33820
3851,1,12250
3852,1,178810
3853,1,30700
3854,1,113150
3855,1,188475
3856,1,81900
3857,1,28740
3858,1,15090
3859,1,178750
3860,1,56700
3861,1,5600
3862,1,128000
3863,1,140990
3864,1,80100
3865,1,97350
3866,1,75700
3867,1,178350
3868,1,116800
3869,1,175500
3870,1,51420
3871,1,63600
3872,1,7000
3873,1,90750
3874,1,175150
3875,1,35500
3876,1,122650
3877,1,38510
3878,1,168000
3879,1,59310
3880,1,48375
3881,1,144900
3882,1,135990
3883,1,97210
3884,1,148850
3885,1,10
3886,1,189750
3887,1,110590
3888,1,81800
3889,1,153250
3890,1,28600
3891,1,158750
3892,1,29370
3893,1,11170
3894,1,39090
3895,1,107000
3896,1,73905
3897,1,191250
3898,1,110250
3899,1,21000
3900,1,52525
3901,1,55250
3902,1,69500
3903,1,27430
3904,1,28360
3905,1,142400
3906,1,24510
3907,1,38150
3908,1,56860
3909,1,90000
3910,1,81225
3911,1,39190
3912,1,156300
3913,1,189900
3914,1,31250
3915,1,103500
3916,1,112250
3917,1,138200
3918,1,111270
3919,1,18700
3920,1,91800
3921,1,77010
3922,1,29380
3923,1,51010
3924,1,54900
3925,1,60510
3926,1,144200
3927,1,92620
3928,1,176720
3929,1,163200
3930,1,37690
3931,1,50860
3932,1,126000
3933,1,115150
3934,1,56800
3935,1,27560
3936,1,74760
3937,1,11400
3938,1,44550
3939,1,33900
3940,1,13880
3941,1,65660
3942,1,22550
3943,1,65600
3944,1,22750
3945,1,73500
3946,1,61425
3947,1,106410
3948,1,12640
3949,1,39720
3950,1,60210
3951,1,76000
3952,1,179775
3953,1,118960
3954,1,73425
3955,1,151800
3956,1,177450
3957,1,81890
3958,1,94150
3959,1,75710
3960,1,199200
3961,1,156650
3962,1,4800
3963,1,183950
3964,1,22850
3965,1,44700
3966,1,13600
3967,1,109200
3968,1,14610
3969,1,70500
3970,1,88885
3971,1,166050
3972,1,75300
3973,1,57000
3974,1,10500
3975,1,107820
3976,1,147600
3977,1,35970
3978,1,74260
3979,1,54060
3980,1,79800
3981,1,165375
3982,1,146550
3983,1,48000
3984,1,4230
3985,1,144900
3986,1,44600
3987,1,112400
3988,1,40500
3989,1,16860
3990,1,71100
3991,1,3800
3992,1,71510
3993,1,100550
3994,1,128940
3995,1,20900
3996,1,17000
3997,1,20400
3998,1,21340
3999,1,51375
4000,1,17010
4001,1,372570
4002,1,73380
4003,1,129450
4004,1,1557000
4005,1,530750
4006,1,7960
4007,1,10000000
4008,1,1367625
4009,1,162030
4010,1,113425
4011,1,10000000
4012,1,260275
4013,1,182900
4014,1,3392050
4015,1,2210000
4016,1,5100000
4017,1,197050
4018,1,3950625
4019,1,74740
4020,1,210250
4021,1,222090
4022,1,1395200
4023,1,922000
4024,1,1351650
4025,1,49400
4026,1,1812520
4027,1,179300
4028,1,3385125
4029,1,304720
4030,1,322510
4031,1,2484900
4032,1,111625
4033,1,396200
4034,1,578890
4035,1,6413250
4036,1,1217700
4037,1,33800
4038,1,156975
4039,1,437175
4040,1,10000000
4041,1,2564100
4042,1,10000000
4043,1,38500
4044,1,113750
4045,1,5328750
4046,1,1060340
4047,1,5767125
4048,1,745200
4049,1,107800
4050,1,46400
4051,1,8910
4052,1,129320
4053,1,562500
4054,1,112210
4055,1,353770
4056,1,490250
4057,1,884900
4058,1,573010
4059,1,912600
4060,1,148500
4061,1,166600
4062,1,6600
4063,1,145800
4064,1,435375
4065,1,150000
4066,1,116100
4067,1,162990
4068,1,36900
4069,1,226860
4070,1,330645
4071,1,466410
4072,1,487300
4073,1,31960
4074,1,26560
4075,1,87000
4076,1,378000
4077,1,339810
4078,1,1215950
4079,1,113850
4080,1,1111250
4081,1,289375
4082,1,206000
4083,1,179750
4084,1,1117750
4085,1,1138320
4086,1,484250
4087,1,368775
4088,1,121250
4089,1,573235
4090,1,91600
4091,1,193775
4092,1,875050
4093,1,928750
4094,1,91000
4095,1,187800
4096,1,20300
4097,1,13500
4098,1,413400
4099,1,262735
4100,1,521500
4101,1,141760
4102,1,374220
4103,1,285660
4104,1,633300
4105,1,234000
4106,1,875000
4107,1,20400
4108,1,809240
4109,1,799200
4110,1,65480
4111,1,747780
4112,1,56100
4113,1,347490
4114,1,303000
4115,1,412800
4116,1,835250
4117,1,267540
4118,1,73270
4119,1,117300
4120,1,237750
4121,1,109250
4122,1,53200
4123,1,927690
4124,1,115610
4125,1,221070
4126,1,691050
4127,1,596210
4128,1,80240
4129,1,5600
4130,1,205120
4131,1,401340
4132,1,336600
4133,1,630500
4134,1,676210
4135,1,825475
4136,1,14700
4137,1,281640
4138,1,523635
4139,1,175725
4140,1,3000
4141,1,25500
4142,1,41250
4143,1,213750
4144,1,65200
4145,1,909150
4146,1,120600
4147,1,42570
4148,1,28525
4149,1,136400
4150,1,47000
4151,1,399245
4152,1,706375
4153,1,879850
4154,1,498000
4155,1,403850
4156,1,747200
4157,1,93800
4158,1,217000
4159,1,181800
4160,1,168575
4161,1,488850
4162,1,473125
4163,1,252500
4164,1,455710
4165,1,977400
4166,1,16500
4167,1,169000
4168,1,43700
4169,1,168150
4170,1,35650
4171,1,775500
4172,1,157870
4173,1,697500
4174,1,273610
4175,1,10420
4176,1,436250
4177,1,133000
4178,1,52560
4179,1,77200
4180,1,199875
4181,1,348750
4182,1,25110
4183,1,67450
4184,1,569525
4185,1,861300
4186,1,30610
4187,1,593200
4188,1,18450
4189,1,873135
4190,1,52950
4191,1,120900
4192,1,17540
4193,1,597000
4194,1,255720
4195,1,17110
4196,1,826425
4197,1,730520
4198,1,558175
4199,1,456950
4200,1,10900
4201,1,44140
4202,1,248500
4203,1,126200
4204,1,427440
4205,1,149250
4206,1,16980
4207,1,211700
4208,1,268040
4209,1,45450
4210,1,561000
4211,1,215250
4212,1,897000
4213,1,450970
4214,1,671750
4215,1,684250
4216,1,10140
4217,1,13960
4218,1,135200
4219,1,10480
4220,1,119100
4221,1,193500
4222,1,200625
4223,1,850500
4224,1,20850
4225,1,304250
4226,1,178200
4227,1,61250
4228,1,8440
4229,1,706200
4230,1,525000
4231,1,982800
4232,1,206260
4233,1,63325
4234,1,358750
4235,1,455000
4236,1,98700
4237,1,55510
4238,1,308100
4239,1,589675
4240,1,130500
4241,1,154780
4242,1,254520
4243,1,93600
4244,1,83550
4245,1,179780
4246,1,121850
4247,1,14560
4248,1,33380
4249,1,138125
4250,1,228640
4251,1,35330
4252,1,128740
4253,1,326280
4254,1,3500
4255,1,106350
4256,1,40200
4257,1,69475
4258,1,33500
4259,1,50800
4260,1,268600
4261,1,185500
4262,1,307360
4263,1,59475
4264,1,220660
4265,1,373810
4266,1,55660
4267,1,134000
4268,1,208395
4269,1,190450
4270,1,368020
4271,1,37200
4272,1,365760
4273,1,310875
4274,1,262050
4275,1,178310
4276,1,316650
4277,1,479200
4278,1,49510
4279,1,1860
4280,1,97200
4281,1,328445
4282,1,285395
4283,1,43400
4284,1,234500
4285,1,248625
4286,1,10300
4287,1,345675
4288,1,40020
4289,1,104325
4290,1,127200
4291,1,5500
4292,1,224835
4293,1,365400
4294,1,374625
4295,1,105610
4296,1,22050
4297,1,144095
4298,1,74600
4299,1,12920
4300,1,81000
4301,1,412885
4302,1,332350
4303,1,51870
4304,1,363760
4305,1,89200
4306,1,259200
4307,1,55800
4308,1,22950
4309,1,68400
4310,1,202275
4311,1,284360
4312,1,237960
4313,1,281550
4314,1,156650
4315,1,88000
4316,1,231900
4317,1,29125
4318,1,15990
4319,1,49430
4320,1,81000
4321,1,60125
4322,1,430650
4323,1,97075
4324,1,375100
4325,1,21800
4326,1,383350
4327,1,3500
4328,1,194700
4329,1,82500
4330,1,228750
4331,1,216600
4332,1,380640
4333,1,113670
4334,1,43200
4335,1,73860
4336,1,124075
4337,1,26400
4338,1,88800
4339,1,53220
4340,1,158175
4341,1,21000
4342,1,12930
4343,1,2100
4344,1,75510
4345,1,93800
4346,1,128410
4347,1,186200
4348,1,58400
4349,1,41690
4350,1,75350
4351,1,172985
4352,1,82600
4353,1,68400
4354,1,99275
4355,1,80400
4356,1,89850
4357,1,19400
4358,1,78010
4359,1,120330
4360,1,25400
4361,1,44530
4362,1,72100
4363,1,117950
4364,1,177720
4365,1,23080
4366,1,51640
4367,1,79250
4368,1,68250
4369,1,3180
4370,1,96600
4371,1,8300
4372,1,134400
4373,1,4250
4374,1,145800
4375,1,106560
4376,1,6570
4377,1,61550
4378,1,33750
4379,1,147900
4380,1,63000
4381,1,110100
4382,1,186000
4383,1,110550
4384,1,31510
4385,1,24450
4386,1,3850
4387,1,75900
4388,1,18135
4389,1,7000
4390,1,21200
4391,1,179960
4392,1,7280
4393,1,129610
4394,1,38750
4395,1,71600
4396,1,145985
4397,1,37980
4398,1,26070
4399,1,12430
4400,1,39090
4401,1,35250
4402,1,16500
4403,1,97800
4404,1,160500
4405,1,3160
4406,1,171010
4407,1,98800
4408,1,13700
4409,1,132600
4410,1,76450
4411,1,40350
4412,1,129200
4413,1,30800
4414,1,117100
4415,1,36990
4416,1,16500
4417,1,64800
4418,1,133200
4419,1,103675
4420,1,152600
4421,1,120250
4422,1,105700
4423,1,120500
4424,1,128300
4425,1,114770
4426,1,153900
4427,1,84020
4428,1,199300
4429,1,36960
4430,1,92400
4431,1,23175
4432,1,43400
4433,1,61425
4434,1,78900
4435,1,91860
4436,1,173270
4437,1,195000
4438,1,146750
4439,1,138530
4440,1,23210
4441,1,181090
4442,1,71060
4443,1,61490
4444,1,90650
4445,1,12000
4446,1,88600
4447,1,15720
4448,1,8590
4449,1,59010
4450,1,121770
4451,1,152040
4452,1,182800
4453,1,2700
4454,1,101100
4455,1,122600
4456,1,179150
4457,1,105030
4458,1,124540
4459,1,12800
4460,1,13960
4461,1,38560
4462,1,62000
4463,1,102450
4464,1,165480
4465,1,120900
4466,1,177500
4467,1,148200
4468,1,81000
4469,1,126850
4470,1,149120
4471,1,59750
4472,1,111925
4473,1,69840
4474,1,169300
4475,1,3900
4476,1,33000
4477,1,139135
4478,1,162825
4479,1,77400
4480,1,156350
4481,1,12480
4482,1,101850
4483,1,172500
4484,1,12250
4485,1,133400
4486,1,28600
4487,1,9100
4488,1,80700
4489,1,32200
4490,1,26020
4491,1,8240
4492,1,70300
4493,1,72400
4494,1,81235
4495,1,122650
4496,1,5400
4497,1,98450
4498,1,42000
4499,1,126500
4500,1,156000
4501,1,478270
4502,1,357500
4503,1,1420000
4504,1,115650
4505,1,64820
4506,1,3080500
4507,1,10000000
4508,1,63920
4509,1,258090
4510,1,10000000
4511,1,484500
4512,1,10000000
4513,1,45440
4514,1,5430600
4515,1,199800
4516,1,339450
4517,1,2530000
4518,1,6707030
4519,1,210700
4520,1,1173500
4521,1,6840
4522,1,630900
4523,1,253220
4524,1,4908200
4525,1,180000
4526,1,3113700
4527,1,20150
4528,1,10000000
4529,1,151810
4530,1,454300
4531,1,113900
4532,1,73700
4533,1,36225
4534,1,44800
4535,1,600875
4536,1,55550
4537,1,120330
4538,1,398400
4539,1,535500
4540,1,149500
4541,1,558000
4542,1,1261400
4543,1,2488750
4544,1,217600
4545,1,1902020
4546,1,470400
4547,1,540500
4548,1,281600
4549,1,1437600
4550,1,274820
4551,1,508300
4552,1,6615520
4553,1,7595100
4554,1,1118750
4555,1,454250
4556,1,279375
4557,1,173250
4558,1,13420
4559,1,48450
4560,1,314405
4561,1,2457450
4562,1,134225
4563,1,283500
4564,1,2370000
4565,1,438430
4566,1,1260480
4567,1,1157600
4568,1,26250
4569,1,554110
4570,1,59400
4571,1,1254000
4572,1,155200
4573,1,43400
4574,1,220150
4575,1,50250
4576,1,1422500
4577,1,83400
4578,1,57150
4579,1,39860
4580,1,661200
4581,1,115800
4582,1,402000
4583,1,112520
4584,1,292410
4585,1,126250
4586,1,88340
4587,1,69985
4588,1,399750
4589,1,198540
4590,1,579720
4591,1,716625
4592,1,96600
4593,1,95100
4594,1,103750
4595,1,43080
4596,1,953600
4597,1,974500
4598,1,199375
4599,1,80500
4600,1,547210
4601,1,467500
4602,1,512000
4603,1,41400
4604,1,57200
4605,1,21600
4606,1,17300
4607,1,40200
4608,1,53900
4609,1,63670
4610,1,525635
4611,1,606250
4612,1,28075
4613,1,185000
4614,1,309000
4615,1,442635
4616,1,688500
4617,1,90600
4618,1,476000
4619,1,55800
4620,1,604480
4621,1,839310
4622,1,32800
4623,1,718115
4624,1,181500
4625,1,264000
4626,1,932400
4627,1,134400
4628,1,46200
4629,1,310000
4630,1,596000
4631,1,727110
4632,1,23400
4633,1,88520
4634,1,37500
4635,1,29550
4636,1,6110
4637,1,232815
4638,1,30750
4639,1,269250
4640,1,760400
4641,1,734125
4642,1,403000
4643,1,192250
4644,1,36240
4645,1,482100
4646,1,25200
4647,1,69080
4648,1,448000
4649,1,702145
4650,1,98400
4651,1,433360
4652,1,79490
4653,1,228760
4654,1,37090
4655,1,164500
4656,1,25780
4657,1,77350
4658,1,309060
4659,1,183000
4660,1,293475
4661,1,59340
4662,1,317500
4663,1,156750
4664,1,46720
4665,1,71650
4666,1,673090
4667,1,79010
4668,1,562625
4669,1,137600
4670,1,189750
4671,1,149250
4672,1,124500
4673,1,37200
4674,1,46250
4675,1,76200
4676,1,294500
4677,1,122000
4678,1,165500
4679,1,1600
4680,1,42550
4681,1,17560
4682,1,130050
4683,1,22575
4684,1,210900
4685,1,332025
4686,1,451400
4687,1,265875
4688,1,167100
4689,1,138635
4690,1,89750
4691,1,587720
4692,1,162400
4693,1,966875
4694,1,55900
4695,1,127890
4696,1,209190
4697,1,41460
4698,1,594100
4699,1,59250
4700,1,130920
4701,1,265950
4702,1,185180
4703,1,281080
4704,1,24400
4705,1,756000
4706,1,47775
4707,1,567660
4708,1,160760
4709,1,127500
4710,1,309750
4711,1,279735
4712,1,501500
4713,1,578250
4714,1,418500
4715,1,25000
4716,1,279785
4717,1,59400
4718,1,156560
4719,1,91000
4720,1,355300
4721,1,86200
4722,1,66690
4723,1,35260
4724,1,133200
4725,1,49200
4726,1,289275
4727,1,327750
4728,1,168000
4729,1,59460
4730,1,101600
4731,1,89000
4732,1,987000
4733,1,721600
4734,1,777240
4735,1,102400
4736,1,352950
4737,1,6750
4738,1,104400
4739,1,92125
4740,1,325000
4741,1,122450
4742,1,619650
4743,1,250530
4744,1,94200
4745,1,19780
4746,1,272610
4747,1,41510
4748,1,695250
4749,1,165650
4750,1,768000
4751,1,262080
4752,1,387800
4753,1,114000
4754,1,32050
4755,1,215050
4756,1,935020
4757,1,105600
4758,1,13940
4759,1,441100
4760,1,90000
4761,1,277100
4762,1,68920
4763,1,13410
4764,1,185000
4765,1,26540
4766,1,773820
4767,1,799300
4768,1,697800
4769,1,155240
4770,1,34590
4771,1,557550
4772,1,35600
4773,1,24000
4774,1,404800
4775,1,7700
4776,1,360185
4777,1,71000
4778,1,17350
4779,1,990500
4780,1,481020
4781,1,251100
4782,1,79750
4783,1,299600
4784,1,925300
4785,1,957600
4786,1,378750
4787,1,331160
4788,1,77250
4789,1,182730
4790,1,69360
4791,1,212500
4792,1,274000
4793,1,48525
4794,1,127900
4795,1,45675
4796,1,327410
4797,1,152800
4798,1,202500
4799,1,30500
4800,1,9000
4801,1,115000
4802,1,261250
4803,1,9450
4804,1,238450
4805,1,27900
4806,1,377660
4807,1,59675
4808,1,11600
4809,1,28700
4810,1,190050
4811,1,235610
4812,1,86625
4813,1,169980
4814,1,136200
4815,1,171940
4816,1,25160
4817,1,28385
4818,1,109200
4819,1,149120
4820,1,52720
4821,1,118380
4822,1,58260
4823,1,264825
4824,1,231250
4825,1,247510
4826,1,400000
4827,1,303850
4828,1,269025
4829,1,84450
4830,1,31480
4831,1,63875
4832,1,57150
4833,1,3000
4834,1,306180
4835,1,83190
4836,1,41525
4837,1,157700
4838,1,412125
4839,1,137250
4840,1,95150
4841,1,79600
4842,1,450000
4843,1,281325
4844,1,428420
4845,1,151050
4846,1,208800
4847,1,179500
4848,1,176700
4849,1,168020
4850,1,66625
4851,1,22080
4852,1,61260
4853,1,361980
4854,1,190400
4855,1,329175
4856,1,97100
4857,1,53800
4858,1,380680
4859,1,446935
4860,1,81100
4861,1,69300
4862,1,223300
4863,1,377600
4864,1,315900
4865,1,190190
4866,1,5700
4867,1,191350
4868,1,120360
4869,1,7650
4870,1,15400
4871,1,427560
4872,1,72100
4873,1,39620
4874,1,158100
4875,1,65400
4876,1,265200
4877,1,308550
4878,1,73360
4879,1,102400
4880,1,99600
4881,1,170000
4882,1,58910
4883,1,76450
4884,1,10200
4885,1,135125
4886,1,48000
4887,1,150660
4888,1,98040
4889,1,49000
4890,1,101850
4891,1,79030
4892,1,153450
4893,1,62100
4894,1,93750
4895,1,137025
4896,1,9800
4897,1,197800
4898,1,4000
4899,1,41650
4900,1,89375
4901,1,32450
4902,1,165000
4903,1,78200
4904,1,43425
4905,1,38040
4906,1,162000
4907,1,34400
4908,1,26500
4909,1,115425
4910,1,6590
4911,1,94610
4912,1,34290
4913,1,21300
4914,1,43550
4915,1,15520
4916,1,11240
4917,1,25200
4918,1,118480
4919,1,66700
4920,1,90320
4921,1,150000
4922,1,108500
4923,1,19500
4924,1,40600
4925,1,35120
4926,1,36725
4927,1,34615
4928,1,45940
4929,1,10510
4930,1,21380
4931,1,86100
4932,1,13250
4933,1,190600
4934,1,161075
4935,1,110600
4936,1,62300
4937,1,121150
4938,1,46820
4939,1,135850
4940,1,177820
4941,1,37000
4942,1,192200
4943,1,11820
4944,1,178500
4945,1,166000
4946,1,50950
4947,1,76875
4948,1,74220
4949,1,190250
4950,1,20700
4951,1,12860
4952,1,136800
4953,1,20960
4954,1,98210
4955,1,175775
4956,1,101025
4957,1,85500
4958,1,68400
4959,1,191035
4960,1,137100
4961,1,5700
4962,1,175450
4963,1,193325
4964,1,63000
4965,1,16320
4966,1,140600
4967,1,104770
4968,1,138300
4969,1,8550
4970,1,112125
4971,1,12600
4972,1,38675
4973,1,20510
4974,1,114100
4975,1,11220
4976,1,54000
4977,1,79650
4978,1,46400
4979,1,53950
4980,1,11200
4981,1,135950
4982,1,38300
4983,1,32550
4984,1,155250
4985,1,86250
4986,1,60580
4987,1,40250
4988,1,68400
4989,1,139300
4990,1,166200
4991,1,54800
4992,1,143500
4993,1,191500
4994,1,20650
4995,1,71300
4996,1,64000
4997,1,109200
4998,1,51600
4999,1,58110
5000,1,126150
